{
    "accuracy": [
        0.22889842092990875,
        0.4406294822692871,
        0.5922746658325195,
        0.7482117414474487,
        0.7825465202331543,
        0.8440629243850708,
        0.8969957232475281,
        0.902718186378479,
        0.9384835362434387,
        0.9499284625053406
    ],
    "actual_loss": [
        5.010059833526611,
        1.812252163887024,
        1.2509158849716187,
        0.8869378566741943,
        0.7373595237731934,
        0.5087828040122986,
        0.3851635456085205,
        0.3805544674396515,
        0.28603029251098633,
        0.2445324808359146
    ],
    "loss": -0.5633333325386047,
    "space": {
        "activation": "relu",
        "dr": 0.37412538661948147,
        "l2_mult": 1.005314621391252,
        "lr_mult": 0.6828041142191369,
        "optimizer": "Adam"
    },
    "status": "ok",
    "val_ accuracy": [
        0.30000001192092896,
        0.39666667580604553,
        0.35333332419395447,
        0.4466666579246521,
        0.49666666984558105,
        0.44999998807907104,
        0.503333330154419,
        0.49666666984558105,
        0.5633333325386047,
        0.5533333420753479
    ],
    "val_loss": [
        2.861753225326538,
        1.726232886314392,
        2.1227548122406006,
        1.7507206201553345,
        1.684828519821167,
        2.2364141941070557,
        1.8578497171401978,
        1.7752765417099,
        1.8826074600219727,
        2.0457913875579834
    ]
}